Park,Unit Code,Park Type,Region,State,Year,Recreation Visits
Abraham Lincoln Birthplace NHP,ABLI,National Historical Park,Southeast ,KY,2019,238226
Acadia NP,ACAD,National Park,Northeast ,ME,2019,3437286
Adams NHP,ADAM,National Historical Park,Northeast ,MA,2019,187400
African Burial Ground NM,AFBG,National Monument,Northeast ,NY,2019,47427
Agate Fossil Beds NM,AGFO,National Monument,Midwest ,NE,2019,16657
Alibates Flint Quarries NM,ALFL,National Monument,Intermountain ,TX,2019,8847
Allegheny Portage Railroad NHS,ALPO,National Historic Site,Northeast ,PA,2019,189189
Amistad NRA,AMIS,National Recreation Area,Intermountain ,TX,2019,1267900
Andersonville NHS,ANDE,National Historic Site,Southeast ,GA,2019,103635
Andrew Johnson NHS,ANJO,National Historic Site,Southeast ,TN,2019,51189
Aniakchak NM & PRES,ANIA,National Monument,Alaska,AK,2019,100
Antietam NB,ANTI,National Battlefield,National Capital ,MD,2019,287343
Apostle Islands NL,APIS,National Lakeshore,Midwest ,WI,2019,240613
Appomattox Court House NHP,APCO,National Historical Park,Northeast ,VA,2019,102397
Arches NP,ARCH,National Park,Intermountain ,UT,2019,1659702
Arkansas Post NMEM,ARPO,National Memorial,Midwest ,AR,2019,28519
Arlington House The R.E. Lee MEM,ARHO,National Memorial,National Capital ,VA,2019,0
Assateague Island NS,ASIS,National Seashore,Northeast ,MD,2019,2344536
Aztec Ruins NM,AZRU,National Monument,Intermountain ,NM,2019,63777
Badlands NP,BADL,National Park,Midwest ,SD,2019,970998
Bandelier NM,BAND,National Monument,Intermountain ,NM,2019,200741
Belmont-Paul Women's Equality NM,BEPA,National Monument,National Capital ,,2019,9913
Bent's Old Fort NHS,BEOL,National Historic Site,Intermountain ,CO,2019,21674
Bering Land Bridge NPRES,BELA,National Preserve,Alaska,AK,2019,2642
Big Bend NP,BIBE,National Park,Intermountain ,TX,2019,463832
Big Cypress NPRES,BICY,National Preserve,Southeast ,FL,2019,1007471
Big Hole NB,BIHO,National Battlefield,Pacific West ,MT,2019,45861
Big South Fork NRRA,BISO,National River,Southeast ,TN,2019,750494
Big Thicket NPRES,BITH,National Preserve,Intermountain ,TX,2019,255926
Bighorn Canyon NRA,BICA,National Recreation Area,Intermountain ,MT,2019,249659
Biscayne NP,BISC,National Park,Southeast ,FL,2019,708522
Black Canyon of the Gunnison NP,BLCA,National Park,Intermountain ,CO,2019,432818
Blue Ridge PKWY,BLRI,National Parkway,Southeast ,NC,2019,14976085
Bluestone NSR,BLUE,National Wild & Scenic River,Northeast ,WV,2019,37663
Booker T. Washington NM,BOWA,National Monument,Northeast ,VA,2019,24640
Boston African American NHS,BOAF,National Historic Site,Northeast ,MA,2019,419585
Boston NHP,BOST,National Historical Park,Northeast ,MA,2019,3201834
Brown v. Board of Education NHS,BRVB,National Historic Site,Midwest ,KS,2019,21413
Bryce Canyon NP,BRCA,National Park,Intermountain ,UT,2019,2594904
Buck Island Reef NM,BUIS,National Monument,Southeast ,VI,2019,37085
Buffalo NR,BUFF,National River,Midwest ,AR,2019,1326282
Cabrillo NM,CABR,National Monument,Pacific West ,CA,2019,761485
Canaveral NS,CANA,National Seashore,Southeast ,FL,2019,1884122
Cane River Creole NHP,CARI,National Historical Park,Southeast ,LA,2019,29922
Canyon de Chelly NM,CACH,National Monument,Intermountain ,AZ,2019,460757
Canyonlands NP,CANY,National Park,Intermountain ,UT,2019,733996
Cape Cod NS,CACO,National Seashore,Northeast ,MA,2019,4096104
Cape Hatteras NS,CAHA,National Seashore,Southeast ,NC,2019,2606632
Cape Krusenstern NM,CAKR,National Monument,Alaska,AK,2019,16226
Cape Lookout NS,CALO,National Seashore,Southeast ,NC,2019,455526
Capitol Reef NP,CARE,National Park,Intermountain ,UT,2019,1226519
Capulin Volcano NM,CAVO,National Monument,Intermountain ,NM,2019,81617
Carl Sandburg Home NHS,CARL,National Historic Site,Southeast ,NC,2019,78144
Carlsbad Caverns NP,CAVE,National Park,Intermountain ,NM,2019,440691
Carter G. Woodson Home NHS,CAWO,National Historic Site,National Capital ,,2019,2381
Casa Grande Ruins NM,CAGR,National Monument,Intermountain ,AZ,2019,68379
Castillo de San Marcos NM,CASA,National Monument,Southeast ,FL,2019,673395
Castle Clinton NM,CACL,National Monument,Northeast ,NY,2019,4361034
Catoctin Mountain Park,CATO,Park (Other),National Capital ,MD,2019,296846
Cedar Breaks NM,CEBR,National Monument,Intermountain ,UT,2019,579861
Cesar E. Chavez NM,CECH,National Monument,Pacific West ,,2019,16490
Chaco Culture NHP,CHCU,National Historical Park,Intermountain ,NM,2019,47342
Chamizal NMEM,CHAM,National Memorial,Intermountain ,TX,2019,38228
Channel Islands NP,CHIS,National Park,Pacific West ,CA,2019,409630
Charles Pinckney NHS,CHPI,National Historic Site,Southeast ,SC,2019,35495
Charles Young Buffalo Soldiers NM,CHYO,National Monument,Midwest ,,2019,14106
Chattahoochee River NRA,CHAT,National Recreation Area,Southeast ,GA,2019,3393133
Chesapeake & Ohio Canal NHP,CHOH,National Historical Park,National Capital ,MD,2019,5116787
Chickamauga & Chattanooga NMP,CHCH,National Military Park,Southeast ,GA,2019,977158
Chickasaw NRA,CHIC,National Recreation Area,Intermountain ,OK,2019,1422612
Chiricahua NM,CHIR,National Monument,Intermountain ,AZ,2019,60655
Christiansted NHS,CHRI,National Historic Site,Southeast ,VI,2019,103594
City of Rocks NRES,CIRO,National Reserve,Pacific West ,ID,2019,99311
Clara Barton NHS,CLBA,National Historic Site,National Capital ,MD,2019,4100
Colonial NHP,COLO,National Historical Park,Northeast ,VA,2019,3327268
Colorado NM,COLM,National Monument,Intermountain ,CO,2019,397032
Congaree NP,CONG,National Park,Southeast ,SC,2019,159445
Coronado NMEM,CORO,National Memorial,Intermountain ,AZ,2019,130328
Cowpens NB,COWP,National Battlefield,Southeast ,SC,2019,223413
Crater Lake NP,CRLA,National Park,Pacific West ,OR,2019,704512
Craters of the Moon NM & PRES,CRMO,National Monument,Pacific West ,ID,2019,272224
Cumberland Gap NHP,CUGA,National Historical Park,Southeast ,KY,2019,704598
Cumberland Island NS,CUIS,National Seashore,Southeast ,GA,2019,53904
Curecanti NRA,CURE,National Recreation Area,Intermountain ,CO,2019,836034
Cuyahoga Valley NP,CUVA,National Park,Midwest ,OH,2019,2237997
Dayton Aviation Heritage NHP,DAAV,National Historical Park,Midwest ,OH,2019,94709
De Soto NMEM,DESO,National Memorial,Southeast ,FL,2019,187880
Death Valley NP,DEVA,National Park,Pacific West ,CA,2019,1740945
Delaware Water Gap NRA,DEWA,National Recreation Area,Northeast ,PA,2019,3374865
Denali NP & PRES,DENA,National Park,Alaska,AK,2019,601152
Devils Postpile NM,DEPO,National Monument,Pacific West ,CA,2019,147864
Devils Tower NM,DETO,National Monument,Intermountain ,WY,2019,450785
Dinosaur NM,DINO,National Monument,Intermountain ,CO,2019,298965
Dry Tortugas NP,DRTO,National Park,Southeast ,FL,2019,79200
Edgar Allan Poe NHS,EDAL,National Historic Site,Northeast ,PA,2019,15527
Effigy Mounds NM,EFMO,National Monument,Midwest ,IA,2019,65581
Eisenhower NHS,EISE,National Historic Site,Northeast ,PA,2019,47277
El Malpais NM,ELMA,National Monument,Intermountain ,NM,2019,158924
El Morro NM,ELMO,National Monument,Intermountain ,NM,2019,68867
Eleanor Roosevelt NHS,ELRO,National Historic Site,Northeast ,NY,2019,47630
Eugene O'Neill NHS,EUON,National Historic Site,Pacific West ,CA,2019,2944
Everglades NP,EVER,National Park,Southeast ,FL,2019,1118300
Federal Hall NMEM,FEHA,National Memorial,Northeast ,NY,2019,264849
Fire Island NS,FIIS,National Seashore,Northeast ,NY,2019,391311
First Ladies NHS,FILA,National Historic Site,Midwest ,OH,2019,10913
Flight 93 NMEM,FLNI,National Memorial,Northeast ,PA,2019,411226
Florissant Fossil Beds NM,FLFO,National Monument,Intermountain ,CO,2019,77340
Ford's Theatre NHS,FOTH,National Historic Site,National Capital ,DC,2019,572373
Fort Bowie NHS,FOBO,National Historic Site,Intermountain ,AZ,2019,7577
Fort Caroline NMEM,FOCA,National Memorial,Southeast ,FL,2019,187658
Fort Davis NHS,FODA,National Historic Site,Intermountain ,TX,2019,51995
Fort Donelson NB,FODO,National Battlefield,Southeast ,TN,2019,254431
Fort Frederica NM,FOFR,National Monument,Southeast ,GA,2019,212330
Fort Laramie NHS,FOLA,National Historic Site,Intermountain ,WY,2019,42892
Fort Larned NHS,FOLS,National Historic Site,Midwest ,KS,2019,26958
Fort Matanzas NM,FOMA,National Monument,Southeast ,FL,2019,593788
Fort McHenry NM & HS,FOMC,National Monument,Northeast ,MD,2019,419545
Fort Necessity NB,FONE,National Battlefield,Northeast ,PA,2019,312104
Fort Point NHS,FOPO,National Historic Site,Pacific West ,CA,2019,1421349
Fort Pulaski NM,FOPU,National Monument,Southeast ,GA,2019,374290
Fort Raleigh NHS,FORA,National Historic Site,Southeast ,NC,2019,248139
Fort Scott NHS,FOSC,National Historic Site,Midwest ,KS,2019,24068
Fort Smith NHS,FOSM,National Historic Site,Midwest ,AR,2019,125500
Fort Stanwix NM,FOST,National Monument,Northeast ,NY,2019,97412
Fort Sumter and Fort Moultrie NHP,FOSU,National Historical Park,Southeast ,SC,2019,877894
Fort Union NM,FOUN,National Monument,Intermountain ,NM,2019,11063
Fort Union Trading Post NHS,FOUS,National Historic Site,Midwest ,ND,2019,12967
Fort Vancouver NHS,FOVA,National Historic Site,Pacific West ,WA,2019,1018214
Fort Washington Park,FOWA,Park (Other),National Capital ,MD,2019,423868
Fossil Butte NM,FOBU,National Monument,Intermountain ,WY,2019,20554
Franklin Delano Roosevelt MEM,FRDE,National Memorial,National Capital ,DC,2019,3303573
Frederick Douglass NHS,FRDO,National Historic Site,National Capital ,DC,2019,61063
Frederick Law Olmsted NHS,FRLA,National Historic Site,Northeast ,MA,2019,7791
Fredericksburg & Spotsylvania NMP,FRSP,National Military Park,Northeast ,VA,2019,906800
Friendship Hill NHS,FRHI,National Historic Site,Northeast ,PA,2019,34159
Gates of the Arctic NP & PRES,GAAR,National Park,Alaska,AK,2019,10518
Gateway Arch NP,JEFF,National Park,Midwest ,MO,2019,2055309
Gateway NRA,GATE,National Recreation Area,Northeast ,NY,2019,9405622
Gauley River NRA,GARI,National Recreation Area,Northeast ,WV,2019,119282
General Grant NMEM,GEGR,National Memorial,Northeast ,NY,2019,113852
George Rogers Clark NHP,GERO,National Historical Park,Midwest ,IN,2019,140130
George Washington Birthplace NM,GEWA,National Monument,Northeast ,VA,2019,139666
George Washington Carver NM,GWCA,National Monument,Midwest ,MO,2019,49553
George Washington MEM PKWY,GWMP,National Parkway,National Capital ,VA,2019,7487265
Gettysburg NMP,GETT,National Military Park,Northeast ,PA,2019,925117
Gila Cliff Dwellings NM,GICL,National Monument,Intermountain ,NM,2019,66614
Glacier Bay NP & PRES,GLBA,National Park,Alaska,AK,2019,672087
Glacier NP,GLAC,National Park,Intermountain ,MT,2019,3049839
Glen Canyon NRA,GLCA,National Recreation Area,Intermountain ,UT,2019,4330563
Golden Gate NRA,GOGA,National Recreation Area,Pacific West ,CA,2019,15002227
Golden Spike NHP,GOSP,National Historical Park,Intermountain ,UT,2019,108154
Governors Island NM,GOIS,National Monument,Northeast ,NY,2019,590993
Grand Canyon NP,GRCA,National Park,Intermountain ,AZ,2019,5974411
Grand Portage NM,GRPO,National Monument,Midwest ,MN,2019,94985
Grand Teton NP,GRTE,National Park,Intermountain ,WY,2019,3405614
Grant-Kohrs Ranch NHS,GRKO,National Historic Site,Intermountain ,MT,2019,25043
Great Basin NP,GRBA,National Park,Pacific West ,NV,2019,131802
Great Sand Dunes NP & PRES,GRSA,National Park,Intermountain ,CO,2019,527546
Great Smoky Mountains NP,GRSM,National Park,Southeast ,TN,2019,12547743
Greenbelt Park,GREE,Park (Other),National Capital ,MD,2019,128702
Guadalupe Mountains NP,GUMO,National Park,Intermountain ,TX,2019,188833
Guilford Courthouse NMP,GUCO,National Military Park,Southeast ,NC,2019,223900
Gulf Islands NS,GUIS,National Seashore,Southeast ,FL,2019,5600240
Hagerman Fossil Beds NM,HAFO,National Monument,Pacific West ,ID,2019,23768
Haleakala NP,HALE,National Park,Pacific West ,HI,2019,994394
Hamilton Grange NMEM,HAGR,National Memorial,Northeast ,NY,2019,71247
Hampton NHS,HAMP,National Historic Site,Northeast ,MD,2019,28234
Harpers Ferry NHP,HAFE,National Historical Park,National Capital ,WV,2019,299577
Harry S Truman NHS,HSTR,National Historic Site,Midwest ,MO,2019,30746
Hawaii Volcanoes NP,HAVO,National Park,Pacific West ,HI,2019,1368376
Herbert Hoover NHS,HEHO,National Historic Site,Midwest ,IA,2019,125688
Home of Franklin D. Roosevelt NHS,HOFR,National Historic Site,Northeast ,NY,2019,147109
Homestead NM of America,HOME,National Monument,Midwest ,NE,2019,61636
Hopewell Culture NHP,HOCU,National Historical Park,Midwest ,OH,2019,60338
Hopewell Furnace NHS,HOFU,National Historic Site,Northeast ,PA,2019,49861
Horseshoe Bend NMP,HOBE,National Military Park,Southeast ,AL,2019,45372
Hot Springs NP,HOSP,National Park,Midwest ,AR,2019,1467153
Hovenweep NM,HOVE,National Monument,Intermountain ,CO,2019,35399
Hubbell Trading Post NHS,HUTR,National Historic Site,Intermountain ,AZ,2019,50285
Independence NHP,INDE,National Historical Park,Northeast ,PA,2019,4532459
Indiana Dunes NP,INDU,National Park,Midwest ,IN,2019,2134285
Isle Royale NP,ISRO,National Park,Midwest ,MI,2019,26410
James A. Garfield NHS,JAGA,National Historic Site,Midwest ,OH,2019,41305
Jean Lafitte NHP & PRES,JELA,National Historical Park,Southeast ,LA,2019,590329
Jewel Cave NM,JECA,National Monument,Midwest ,SD,2019,123489
Jimmy Carter NHS,JICA,National Historic Site,Southeast ,GA,2019,50789
"John D. Rockefeller, Jr. MEM PKWY",JODR,National Parkway,Intermountain ,WY,2019,1426666
John Day Fossil Beds NM,JODA,National Monument,Pacific West ,OR,2019,197091
John F. Kennedy NHS,JOFI,National Historic Site,Northeast ,MA,2019,24838
John Muir NHS,JOMU,National Historic Site,Pacific West ,CA,2019,40725
Johnstown Flood NMEM,JOFL,National Memorial,Northeast ,PA,2019,183143
Joshua Tree NP,JOTR,National Park,Pacific West ,CA,2019,2988547
Kalaupapa NHP,KALA,National Historical Park,Pacific West ,HI,2019,69401
Kaloko Honokohau NHP,KAHO,National Historical Park,Pacific West ,HI,2019,232921
Katmai NP & PRES,KATM,National Park,Alaska,AK,2019,84167
Kenai Fjords NP,KEFJ,National Park,Alaska,AK,2019,356601
Kennesaw Mountain NBP,KEMO,National Battlefield Park,Southeast ,GA,2019,2621050
Keweenaw NHP,KEWE,National Historical Park,Midwest ,,2019,20535
Kings Canyon NP,KICA,National Park,Pacific West ,CA,2019,632110
Kings Mountain NMP,KIMO,National Military Park,Southeast ,SC,2019,262031
Klondike Gold Rush NHP Alaska,KLGO,National Historical Park,Alaska,AK,2019,1116161
Klondike Gold Rush NHP Seattle,KLSE,National Historical Park,Pacific West ,WA,2019,109799
Knife River Indian Villages NHS,KNRI,National Historic Site,Midwest ,ND,2019,10354
Kobuk Valley NP,KOVA,National Park,Alaska,AK,2019,15766
Korean War Veterans Memorial,KOWA,National Memorial,National Capital ,DC,2019,3841633
Lake Chelan NRA,LACH,National Recreation Area,Pacific West ,WA,2019,38785
Lake Clark NP & PRES,LACL,National Park,Alaska,AK,2019,17157
Lake Mead NRA,LAKE,National Recreation Area,Pacific West ,NV,2019,7499049
Lake Meredith NRA,LAMR,National Recreation Area,Intermountain ,TX,2019,1328340
Lake Roosevelt NRA,LARO,National Recreation Area,Pacific West ,WA,2019,1358818
Lassen Volcanic NP,LAVO,National Park,Pacific West ,CA,2019,517039
Lava Beds NM,LABE,National Monument,Pacific West ,CA,2019,109630
LBJ Memorial Grove on the Potomac,LYBA,National Memorial,National Capital ,DC,2019,244246
Lewis & Clark NHP,LEWI,National Historical Park,Pacific West ,OR,2019,270993
Lincoln Boyhood NMEM,LIBO,National Memorial,Midwest ,IN,2019,138714
Lincoln Home NHS,LIHO,National Historic Site,Midwest ,IL,2019,197816
Lincoln Memorial,LINC,National Memorial,National Capital ,DC,2019,7808182
Little Bighorn Battlefield NM,LIBI,National Monument,Intermountain ,MT,2019,241304
Little River Canyon NPRES,LIRI,National Preserve,Southeast ,AL,2019,649986
Little Rock Central High School NHS,CHSC,National Historic Site,Midwest ,AR,2019,168918
Longfellow House Washington's HQ NHS,LONG,National Historic Site,Northeast ,MA,2019,55012
Lowell NHP,LOWE,National Historical Park,Northeast ,MA,2019,481536
Lyndon B. Johnson NHP,LYJO,National Historical Park,Intermountain ,TX,2019,111972
Maggie L. Walker NHS,MAWA,National Historic Site,Northeast ,VA,2019,9602
Mammoth Cave NP,MACA,National Park,Southeast ,KY,2019,551590
Manassas NBP,MANA,National Battlefield Park,National Capital ,VA,2019,510427
Manhattan Project NHP,MAPR,National Historical Park,Intermountain ,,2019,79870
Manzanar NHS,MANZ,National Historic Site,Pacific West ,CA,2019,97380
Marsh-Billings-Rockefeller NHP,MABI,National Historical Park,Northeast ,VT,2019,45979
"Martin Luther King, Jr. Memorial",MLKM,National Memorial,National Capital ,DC,2019,3667562
"Martin Luther King, Jr. NHP",MALU,National Historical Park,Southeast ,GA,2019,761650
Martin Van Buren NHS,MAVA,National Historic Site,Northeast ,NY,2019,20623
Mary McLeod Bethune Council House NHS,MABE,National Historic Site,National Capital ,DC,2019,3788
Mesa Verde NP,MEVE,National Park,Intermountain ,CO,2019,556203
Minidoka NHS,MIIN,National Historic Site,Pacific West ,,2019,13647
Minute Man NHP,MIMA,National Historical Park,Northeast ,MA,2019,1017326
Minuteman Missile NHS,MIMI,National Historic Site,Midwest ,SD,2019,125776
Mississippi NRRA,MISS,National River,Midwest ,MN,2019,374682
Missouri NRR,MNRR,National Wild & Scenic River,Midwest ,SD,2019,129280
Mojave NPRES,MOJA,National Preserve,Pacific West ,CA,2019,841516
Monocacy NB,MONO,National Battlefield,National Capital ,MD,2019,144969
Montezuma Castle NM,MOCA,National Monument,Intermountain ,AZ,2019,376254
Moores Creek NB,MOCR,National Battlefield,Southeast ,NC,2019,77006
Morristown NHP,MORR,National Historical Park,Northeast ,NJ,2019,271330
Mount Rainier NP,MORA,National Park,Pacific West ,WA,2019,1501621
Mount Rushmore NMEM,MORU,National Memorial,Midwest ,SD,2019,1963540
Muir Woods NM,MUWO,National Monument,Pacific West ,CA,2019,812073
Natchez NHP,NATC,National Historical Park,Southeast ,MS,2019,182123
Natchez Trace PKWY,NATR,National Parkway,Southeast ,MS,2019,6296041
National Capital Parks Central,NCPC,Park (Other),National Capital ,DC,2019,1770794
National Capital Parks East,NCPE,Park (Other),National Capital ,DC,2019,1210641
National Park of American Samoa,NPSA,National Park,Pacific West ,AS,2019,60006
Natural Bridges NM,NABR,National Monument,Intermountain ,UT,2019,88090
Navajo NM,NAVA,National Monument,Intermountain ,AZ,2019,49983
New Bedford Whaling NHP,NEBE,National Historical Park,Northeast ,MA,2019,143427
New Orleans Jazz NHP,JAZZ,National Historical Park,Southeast ,LA,2019,41049
New River Gorge NR,NERI,National River,Northeast ,WV,2019,1195721
Nez Perce NHP,NEPE,National Historical Park,Pacific West ,ID,2019,216068
Nicodemus NHS,NICO,National Historic Site,Midwest ,KS,2019,3540
Ninety Six NHS,NISI,National Historic Site,Southeast ,SC,2019,97295
Niobrara NSR,NIOB,National Wild & Scenic River,Midwest ,NE,2019,60812
Noatak NPRES,NOAT,National Preserve,Alaska,AK,2019,17216
North Cascades NP,NOCA,National Park,Pacific West ,WA,2019,38208
Obed W&SR,OBRI,National Wild & Scenic River,Southeast ,TN,2019,221301
Ocmulgee Mounds NHP,OCMU,National Historical Park,Southeast ,GA,2019,146925
Olympic NP,OLYM,National Park,Pacific West ,WA,2019,3245806
Oregon Caves NM & PRES,ORCA,National Monument,Pacific West ,OR,2019,65006
Organ Pipe Cactus NM,ORPI,National Monument,Intermountain ,AZ,2019,263186
Ozark NSR,OZAR,National River,Midwest ,MO,2019,1221489
Padre Island NS,PAIS,National Seashore,Intermountain ,TX,2019,576299
Palo Alto Battlefield NHP,PAAL,National Historical Park,Intermountain ,TX,2019,149733
Paterson Great Falls NHP,PAGR,National Historical Park,Northeast ,,2019,276985
Pea Ridge NMP,PERI,National Military Park,Midwest ,AR,2019,102753
Pearl Harbor NMEM,VALR,National Memorial,Pacific West ,HI,2019,1716535
Pecos NHP,PECO,National Historical Park,Intermountain ,NM,2019,43834
Pennsylvania Avenue NHS,PAAV,National Historic Site,National Capital ,DC,2019,125035
Perry's Victory & Intl. Peace MEM,PEVI,National Memorial,Midwest ,OH,2019,121325
Petersburg NB,PETE,National Battlefield,Northeast ,VA,2019,235691
Petrified Forest NP,PEFO,National Park,Intermountain ,AZ,2019,643588
Petroglyph NM,PETR,National Monument,Intermountain ,NM,2019,293957
Pictured Rocks NL,PIRO,National Lakeshore,Midwest ,MI,2019,858715
Pinnacles NP,PINN,National Park,Pacific West ,CA,2019,177224
Pipe Spring NM,PISP,National Monument,Intermountain ,AZ,2019,27482
Pipestone NM,PIPE,National Monument,Midwest ,MN,2019,77508
Piscataway Park,PISC,Park (Other),National Capital ,MD,2019,329729
Point Reyes NS,PORE,National Seashore,Pacific West ,CA,2019,2265301
Port Chicago Naval Magazine NMEM,POCH,National Memorial,Pacific West ,CA,2019,830
President W.J. Clinton Birthplace Home NHS,WICL,National Historic Site,Southeast ,AR,2019,8758
President's Park,PRPA,Park (Other),National Capital ,DC,2019,715911
Prince William Forest Park,PRWI,Park (Other),National Capital ,VA,2019,339693
Pu'uhonua o Honaunau NHP,PUHO,National Historical Park,Pacific West ,HI,2019,414410
Pu'ukohola Heiau NHS,PUHE,National Historic Site,Pacific West ,HI,2019,133573
Rainbow Bridge NM,RABR,National Monument,Intermountain ,UT,2019,115108
Redwood NP,REDW,National Park,Pacific West ,CA,2019,504722
Richmond NBP,RICH,National Battlefield Park,Northeast ,VA,2019,197242
Rio Grande W&SR,RIGR,National Wild & Scenic River,Intermountain ,TX,2019,324
River Raisin NBP,RIRA,National Battlefield Park,Midwest ,MI,2019,226354
Rock Creek Park,ROCR,Park (Other),National Capital ,DC,2019,2416232
Rocky Mountain NP,ROMO,National Park,Intermountain ,CO,2019,4670053
Roger Williams NMEM,ROWI,National Memorial,Northeast ,RI,2019,59419
Rosie The Riveter WWII Home Front NHP,RORI,National Historical Park,Pacific West ,,2019,50404
Ross Lake NRA,ROLA,National Recreation Area,Pacific West ,WA,2019,1088528
Russell Cave NM,RUCA,National Monument,Southeast ,AL,2019,16642
Sagamore Hill NHS,SAHI,National Historic Site,Northeast ,NY,2019,36738
Saguaro NP,SAGU,National Park,Intermountain ,AZ,2019,1020226
Saint Croix Island IHS,SACR,International Historic Site,Northeast ,ME,2019,11613
Saint Croix NSR,SACN,National Wild & Scenic River,Midwest ,WI,2019,638258
Saint Paul's Church NHS,SAPA,National Historic Site,Northeast ,NY,2019,18537
Saint-Gaudens NHP,SAGA,National Historical Park,Northeast ,NH,2019,31759
Salem Maritime NHS,SAMA,National Historic Site,Northeast ,MA,2019,339238
Salinas Pueblo Missions NM,SAPU,National Monument,Intermountain ,NM,2019,31672
Salt River Bay NHP & Ecological Pres,SARI,National Historical Park,Southeast ,VI,2019,5215
San Antonio Missions NHP,SAAN,National Historical Park,Intermountain ,TX,2019,1281121
San Francisco Maritime NHP,SAFR,National Historical Park,Pacific West ,CA,2019,4016598
San Juan Island NHP,SAJH,National Historical Park,Pacific West ,WA,2019,292507
San Juan NHS,SAJU,National Historic Site,Southeast ,PR,2019,1197345
Sand Creek Massacre NHS,SAND,National Historic Site,Intermountain ,CO,2019,5701
Santa Monica Mountains NRA,SAMO,National Recreation Area,Pacific West ,CA,2019,707566
Saratoga NHP,SARA,National Historical Park,Northeast ,NY,2019,145118
Saugus Iron Works NHS,SAIR,National Historic Site,Northeast ,MA,2019,8150
Scotts Bluff NM,SCBL,National Monument,Midwest ,NE,2019,166007
Sequoia NP,SEQU,National Park,Pacific West ,CA,2019,1246053
Shenandoah NP,SHEN,National Park,Northeast ,VA,2019,1425507
Shiloh NMP,SHIL,National Military Park,Southeast ,TN,2019,360989
Sitka NHP,SITK,National Historical Park,Alaska,AK,2019,232876
Sleeping Bear Dunes NL,SLBE,National Lakeshore,Midwest ,MI,2019,1570001
Springfield Armory NHS,SPAR,National Historic Site,Northeast ,MA,2019,20979
Statue of Liberty NM,STLI,National Monument,Northeast ,NY,2019,4240461
Steamtown NHS,STEA,National Historic Site,Northeast ,PA,2019,105403
Stones River NB,STRI,National Battlefield,Southeast ,TN,2019,284516
Stonewall NM,STON,National Monument,Northeast ,,2019,2088929
Sunset Crater Volcano NM,SUCR,National Monument,Intermountain ,AZ,2019,108379
Tallgrass Prairie NPRES,TAPR,National Preserve,Midwest ,KS,2019,33750
Thaddeus Kosciuszko NMEM,THKO,National Memorial,Northeast ,PA,2019,1921
Theodore Roosevelt Birthplace NHS,THRB,National Historic Site,Northeast ,NY,2019,25978
Theodore Roosevelt Inaugural NHS,THRI,National Historic Site,Northeast ,NY,2019,26994
Theodore Roosevelt Island,THIS,National Memorial,National Capital ,VA,2019,151500
Theodore Roosevelt NP,THRO,National Park,Midwest ,ND,2019,691658
Thomas Edison NHP,EDIS,National Historical Park,Northeast ,NJ,2019,42224
Thomas Jefferson MEM,JEFM,National Memorial,National Capital ,DC,2019,3096895
Thomas Stone NHS,THST,National Historic Site,Northeast ,MD,2019,8020
Timpanogos Cave NM,TICA,National Monument,Intermountain ,UT,2019,103512
Timucuan EHP,TIMU,National Preserve,Southeast ,FL,2019,1205065
Tonto NM,TONT,National Monument,Intermountain ,AZ,2019,28853
Tumacacori NHP,TUMA,National Historical Park,Intermountain ,AZ,2019,39704
Tuskegee Airmen NHS,TUAI,National Historic Site,Southeast ,AL,2019,30097
Tuskegee Institute NHS,TUIN,National Historic Site,Southeast ,AL,2019,36395
Tuzigoot NM,TUZI,National Monument,Intermountain ,AZ,2019,98538
Ulysses S. Grant NHS,ULSG,National Historic Site,Midwest ,MO,2019,39449
Upper Delaware S&RR,UPDE,National Wild & Scenic River,Northeast ,PA,2019,215537
Valley Forge NHP,VAFO,National Historical Park,Northeast ,PA,2019,2259944
Vanderbilt Mansion NHS,VAMA,National Historic Site,Northeast ,NY,2019,326822
Vicksburg NMP,VICK,National Military Park,Southeast ,MS,2019,576456
Vietnam Veterans MEM,VIVE,National Memorial,National Capital ,DC,2019,4580587
Virgin Islands NP,VIIS,National Park,Southeast ,VI,2019,133398
Voyageurs NP,VOYA,National Park,Midwest ,MN,2019,232974
Waco Mammoth NM,WACO,National Monument,Intermountain ,,2019,111331
Walnut Canyon NM,WACA,National Monument,Intermountain ,AZ,2019,152333
War in the Pacific NHP,WAPA,National Historical Park,Pacific West ,GU,2019,432213
Washington Monument,WAMO,National Memorial,National Capital ,DC,2019,108410
Washita Battlefield NHS,WABA,National Historic Site,Intermountain ,OK,2019,9119
Weir Farm NHS,WEFA,National Historic Site,Northeast ,CT,2019,38700
Whiskeytown NRA,WHIS,National Recreation Area,Pacific West ,CA,2019,687159
White House,WHHO,Park (Other),National Capital ,DC,2019,454117
White Sands NP,WHSA,National Park,Intermountain ,NM,2019,608785
Whitman Mission NHS,WHMI,National Historic Site,Pacific West ,WA,2019,48481
William Howard Taft NHS,WIHO,National Historic Site,Midwest ,DC,2019,32396
Wilson's Creek NB,WICR,National Battlefield,Midwest ,MO,2019,232838
Wind Cave NP,WICA,National Park,Midwest ,SD,2019,615350
Wolf Trap NP for the Performing Arts,WOTR,Park (Other),National Capital ,VA,2019,402580
Women's Rights NHP,WORI,National Historical Park,Northeast ,NY,2019,39064
World War II Memorial,WWII,National Memorial,National Capital ,DC,2019,4831327
Wrangell-St. Elias NP & PRES,WRST,National Park,Alaska,AK,2019,74518
Wright Brothers NMEM,WRBR,National Memorial,Southeast ,NC,2019,400135
Wupatki NM,WUPA,National Monument,Intermountain ,AZ,2019,187059
Yellowstone NP,YELL,National Park,Intermountain ,WY,2019,4020288
Yosemite NP,YOSE,National Park,Pacific West ,CA,2019,4422861
Yukon-Charley Rivers NPRES,YUCH,National Preserve,Alaska,AK,2019,1114
Zion NP,ZION,National Park,Intermountain ,UT,2019,4488268
